{"cameraMode":{"drawMode":0,"name":"Shaded","section":"Shading Mode"},"sceneLighting":true,"audioPlay":false,"sceneViewState":{"showFog":true,"showMaterialUpdate":true,"showSkybox":true,"showFlares":true,"showImageEffects":true,"showParticleSystems":true},"in2DMode":false,"pivot":{"x":-5.07816219329834,"y":-7.8536858558654789,"z":97.89922332763672},"rotation":{"x":0.024848436936736108,"y":0.07717757672071457,"z":-0.001923033152706921,"w":0.9967058300971985},"size":146.81210327148438,"orthographic":false}