{"cameraMode":{"drawMode":0,"name":"Shaded","section":"Shading Mode"},"sceneLighting":true,"audioPlay":false,"sceneViewState":{"showFog":true,"showMaterialUpdate":true,"showSkybox":true,"showFlares":true,"showImageEffects":true,"showParticleSystems":true},"in2DMode":false,"pivot":{"x":26.67313575744629,"y":2.4415488243103029,"z":16.06092071533203},"rotation":{"x":-0.006178278475999832,"y":-0.20165787637233735,"z":0.0012753682676702738,"w":-0.9794357419013977},"size":68.3936767578125,"orthographic":false}