{"cameraMode":{"drawMode":0,"name":"Shaded","section":"Shading Mode"},"sceneLighting":true,"audioPlay":false,"sceneViewState":{"showFog":true,"showMaterialUpdate":true,"showSkybox":true,"showFlares":true,"showImageEffects":true,"showParticleSystems":true},"in2DMode":false,"pivot":{"x":7.6559157371521,"y":-4.385036468505859,"z":-93.04499053955078},"rotation":{"x":0.00007361879397649318,"y":-0.9997206926345825,"z":0.023416707292199136,"w":0.0032138018868863584},"size":67.4910659790039,"orthographic":false}