{"cameraMode":{"drawMode":0,"name":"Shaded","section":"Shading Mode"},"sceneLighting":true,"audioPlay":false,"sceneViewState":{"showFog":true,"showMaterialUpdate":true,"showSkybox":true,"showFlares":true,"showImageEffects":true,"showParticleSystems":true},"in2DMode":false,"pivot":{"x":-46.318443298339847,"y":-5.291824817657471,"z":-32.41376495361328},"rotation":{"x":-0.0884876549243927,"y":0.40294915437698367,"z":-0.03918032720685005,"w":-0.9100916385650635},"size":31.28621482849121,"orthographic":false}