{"cameraMode":{"drawMode":0,"name":"Shaded","section":"Shading Mode"},"sceneLighting":false,"audioPlay":false,"sceneViewState":{"showFog":true,"showMaterialUpdate":true,"showSkybox":false,"showFlares":true,"showImageEffects":true,"showParticleSystems":true},"in2DMode":false,"pivot":{"x":9.0,"y":1.2700002193450928,"z":3.740000009536743},"rotation":{"x":-0.022911252453923227,"y":-0.7253022789955139,"z":0.02417023666203022,"w":-0.6876245141029358},"size":7.134795188903809,"orthographic":false}