{"cameraMode":{"drawMode":0,"name":"Shaded","section":"Shading Mode"},"sceneLighting":true,"audioPlay":false,"sceneViewState":{"showFog":true,"showMaterialUpdate":false,"showSkybox":true,"showFlares":true,"showImageEffects":true,"showParticleSystems":true},"in2DMode":false,"pivot":{"x":-12.892943382263184,"y":1.5072367191314698,"z":-9.90329360961914},"rotation":{"x":-0.00013337521522771567,"y":0.9994856715202332,"z":0.004189067520201206,"w":0.03179652988910675},"size":4.885359764099121,"orthographic":false}